Sentence,Category
play something from 1971 by john bonham,PlayMusic
i d like to give a two rating to the abolition of britain,RateBook
where can i locate the show the return of mr moto,SearchCreativeWork
is there a game called the neutral zone,SearchCreativeWork
give this textbook zero out of 6 points,RateBook
add i roy to my this is rosana playlist,AddToPlaylist
play turbulence wild streetdanz from jeff buckley,PlayMusic
i d like to see the picture teleform,SearchCreativeWork
is it going to be warm today at saint martin in port orford,GetWeather
book for crepes at a restaurant in sint maarten,BookRestaurant
will it get chillier within walking distance of pw,GetWeather
add opus de funk to my list acoustic blues,AddToPlaylist
does red e toby nemiciamici start thirteen hours from now,SearchScreeningEvent
play any song from 2006,PlayMusic
find attack surface analyzer a painting,SearchCreativeWork
please rate the current textbook with 5 stars out o 6,RateBook
is it humid in parc national de killarney,GetWeather
add tunnel of love to ethel s metal crash course palylist,AddToPlaylist
find the schedule for for films at star theatres,SearchScreeningEvent
play some music by mark heard,PlayMusic
play adrian borland s music on zvooq,PlayMusic
what s the weather forecast ten years from now in mount victory macao,GetWeather
give zero / 6 stars to the current album,RateBook
play music on last fm,PlayMusic
movie times at consolidated theatres,SearchScreeningEvent
show the immortal grand prix,SearchCreativeWork
let s play the album handover on deezer,PlayMusic
play playlist funtime,PlayMusic
rate hunting and gathering a two,RateBook
is it cloudy in georgia,GetWeather
has the tv series puppet master: axis of evil been cancelled,SearchCreativeWork
please provide the rainbow mars series a zero out of 6 points,RateBook
find the dead matter at speakeasy theaters,SearchScreeningEvent
add live from aragon ballroom to trapeo,AddToPlaylist
what s the weather forecast at sixteen in oklahoma,GetWeather
rate this novel three out of 6 stars,RateBook
i need a time of 21 minutes from now for here,GetWeather
book the union oyster house in guanica puerto rico,BookRestaurant
book a spot for my colleague and i at a pizzeria with a pool in owings mills wisconsin,BookRestaurant
book a table in greece for 4,BookRestaurant
when is the third eye showing at dickinson theatres,SearchScreeningEvent
what s the weather going to be like near moldova on fri,GetWeather
add the tune to my epic classical playlist,AddToPlaylist
i need to book a restaurant in fork mountain sc for valarie mari and i,BookRestaurant
play a movement from 1974,PlayMusic
i want to hear opera on netflix,PlayMusic
book a reservation for seven people at a highly rated restaurant that serves moroccan food in east greenville,BookRestaurant
is it going to be windy faraway from the valley of fire,GetWeather
add megon mcdonough indie songs for slackers to my playlist artist,AddToPlaylist
i d like to go to douglas theatre company to see in beaver valley what times will the movie be playing,SearchScreeningEvent
whats the temperature not far from valley of fire,GetWeather
show the day the earth caught fire movie,SearchCreativeWork
play music from the seventies,PlayMusic
can i hear the song american high,SearchCreativeWork
book a spot for ten in upper marlboro pr,BookRestaurant
play music from 1976 on deezer,PlayMusic
what will it feel like in the current place in july,GetWeather
rate voyage in the dark 3 of 6,RateBook
can you play a song from the newest movement by prince on lastfm,PlayMusic
play music from jeremy taylor on the album dormi amore la situazione non è buona on groove shark,PlayMusic
play new music from liang wern fook,PlayMusic
marcia carolus rex should get added to my women of sxsw playlist,AddToPlaylist
reserve a smoking room at the restaurant,BookRestaurant
what will the weather be like not far from alabama on may 9 2037,GetWeather
which movie theatre with clean and sober is closest to me,SearchScreeningEvent
contemporary religious satanism gets a 3 rating,RateBook
give me a list of films that play in the neighbourhood,SearchScreeningEvent
find the saga a very school gyrls holla-day,SearchCreativeWork
at ten am what will the weather be like nearby in cyprus,GetWeather
rate the current novel 5 of 6 points,RateBook
add the tune to the indie workout playlist,AddToPlaylist
show me the forecast for 6 years from now in westlake village in guinea,GetWeather
book a restaurant for ten in exmore at sunset,BookRestaurant
play me something by funtwo,PlayMusic
i want to add kiara to my digster future hits playlist,AddToPlaylist
play kaori mochida s most popular music on google music,PlayMusic
will it be rainy faraway in charleston lake provincial park in 13 hours,GetWeather
add hanging on to my just dance by aftercluv playlist,AddToPlaylist
play wanted by erykah badu,PlayMusic
play a song from my workout playlist on groove shark,PlayMusic
check the forecast for orson for around 9 pm,GetWeather
book a reservation for a gastropub serving liver and onions,BookRestaurant
add my belgian rose to my evening list,AddToPlaylist
include the past behind in my top 100 rock tracks on spotify playlist,AddToPlaylist
i d like to hear helen baylor,PlayMusic
weather at bystrzyca valley landscape park,GetWeather
book a restaurant in macedonia for 13 hours from now,BookRestaurant
find the news at seven-thirty photograph,SearchCreativeWork
give me showtimes for the tenth woman at the movie house,SearchScreeningEvent
tell me the weather for next week at cathedral state park,GetWeather
find animated movies movie schedule in the neighborhood,SearchScreeningEvent
please search cardin in australia saga,SearchCreativeWork
need to book a restaurnt for a party of nine on thomas jefferson s birthday,BookRestaurant
will it be chilly at boggs mountain demonstration state forest,GetWeather
the forest should be rated a four,RateBook
find a table at a restaurant in bynum ca at 09:59 pm,BookRestaurant
find movie schedules for star theatres,SearchScreeningEvent
my timeless love songs playlist should include viderunt omnes,AddToPlaylist
play the latest thelma aoyama,PlayMusic
i d like to watch the trailer for as tears go by,SearchCreativeWork
i want to add this so chan whee tune to latin alternative music,AddToPlaylist
add hemanta kumar mukhopadhyay album in funky jams,AddToPlaylist
tell me the weather forecast for niue,GetWeather
what is the october 19th forecast for iran,GetWeather
find a painting called thunder in the sky,SearchCreativeWork
put this track on my infinite indie folk playlist,AddToPlaylist
is snowfall forecast in pa,GetWeather
play some nineties eliza carthy,PlayMusic
play some krzysztof penderecki on last fm,PlayMusic
find saison 7 de sons of anarchy,SearchCreativeWork
add album to my fairy tales,AddToPlaylist
give me the morning movie schedules,SearchScreeningEvent
show me the show goldimouse and the three cats,SearchCreativeWork
what is the movie schedule near me,SearchScreeningEvent
incorporate a roberto parra sandoval track into the cena elegante playlist,AddToPlaylist
what animated movies are showing in the neighborhood,SearchScreeningEvent
give star trek: the motion picture a five out of 6,RateBook
play some music from 1958 on deezer,PlayMusic
weather for turtle river state park,GetWeather
play a tune or two from kansas city missouri,PlayMusic
what s the weather in waretown lebanon,GetWeather
book a restaurant for three people in jenkins,BookRestaurant
search for the game the last horror movie,SearchCreativeWork
add the album to rosanna s ejercicio playlist,AddToPlaylist
play the sound track by ferry corsten,PlayMusic
i want to give elephants can remember 4 out of 6 points,RateBook
play a sixties track by noam pikelny on iheart,PlayMusic
play crucifixion on deezer,PlayMusic
wish to hear a concerto by diplo from 1952,PlayMusic
what is the nine am weather forecast for nationalpark midongy du sud,GetWeather
what will the weather be like 56 weeks from now will there be sun in tabor,GetWeather
find the video game the tomb,SearchCreativeWork
i d like to get a restaurant booked on mar fourteenth in md,BookRestaurant
is terminal station at cinemark theatres,SearchScreeningEvent
put sungmin into my summer playlist,AddToPlaylist
in delanson 1 hour from now reserve a table for four,BookRestaurant
congress has warmer weather,GetWeather
can you find the movie accidentally in love,SearchCreativeWork
play piano ballads on netflix,PlayMusic
rate the last opium den 0 points,RateBook
give four / 6 points to empire of death,RateBook
rate the crossing 3 of 6,RateBook
what s the weather in piperton rwanda,GetWeather
book a reservation for seven people at a bakery in osage city,BookRestaurant
look for the american journal of sociology,SearchCreativeWork
tell me what films are around here,SearchScreeningEvent
i d like a table for five at any restaurant,BookRestaurant
what movie theatre has a matter of wife and death,SearchScreeningEvent
looking for the painting last flight to abuja,SearchCreativeWork
this winter meredith betty and erika want to food at a gastropub that is in the same area as fran s location,BookRestaurant
show me the photograph of minutes to midnight,SearchCreativeWork
what will the weather be like in india at 02:55:25 am,GetWeather
show me the movie sonic triple trouble,SearchCreativeWork
find a painting called break down,SearchCreativeWork
find me the tv show ask a woman who knows,SearchCreativeWork
play blues on vimeo,PlayMusic
i give this last novel only 1 points,RateBook
book the nearby meriton grand hotel tallinn in missouri,BookRestaurant
i m looking for a novel called the adventures of lolo ii,SearchCreativeWork
i d like to watch movies now right nearby,SearchScreeningEvent
add a mina caputo album to my after hours party,AddToPlaylist
give me the schedule for getting there: sweet 16 and licensed to drive,SearchScreeningEvent
play some erin harkes from the fifties on lastfm,PlayMusic
add this artist to primavera sound 2016 barcelona,AddToPlaylist
i want to eat at a scandinavian restaurant that is highly rated in bonita texas,BookRestaurant
find the schedule for the cup winner at the closest movie house,SearchScreeningEvent
in google music play the top singles released in 1972,PlayMusic
can i get the showtimes for films at dickinson theatres,SearchScreeningEvent
the great science fiction stories about mars series deserves a rating of zero,RateBook
add this tune by hart wand on this is wagner,AddToPlaylist
find half a truth,SearchScreeningEvent
rate the current album one points,RateBook
this chronicle gets a three out of 6,RateBook
what time is one night stand showing at cineplex odeon corporation,SearchScreeningEvent
what is the weather like in colorado,GetWeather
add connee boswell to the relaxing playlist,AddToPlaylist
play a chant from the fifties,PlayMusic
play some chant music from 2008,PlayMusic
add this album to my adrenaline workout,AddToPlaylist
add madchild to electro latino,AddToPlaylist
book a spot for one at the wolseley at elevenses,BookRestaurant
find i could fall in love,SearchCreativeWork
what films are playing at marcus corporation,SearchScreeningEvent
find the photograph among the living,SearchCreativeWork
add artist to latin pop hits,AddToPlaylist
what time is thick as thieves playing at santikos theatres,SearchScreeningEvent
rate this series one stars,RateBook
find me a creole restaurant,BookRestaurant
what movies are playing at the closest movie house,SearchScreeningEvent
what is the weather like in midfield iowa today,GetWeather
rate the current essay one out of 6,RateBook
add that was only yesterday the last ep to my afternoon train ride playlist,AddToPlaylist
give five stars to the general saga,RateBook
freud: the mind of the moralist should be rated 2 stars with a best rating of 6,RateBook
i am rating this book under the series section a three out of 6 stars,RateBook
i need to book a pub for 8 that has wifi,BookRestaurant
play lukasz gottwald album on zvooq,PlayMusic
i d like to hear one of eric clapton s most popular melody on pandora,PlayMusic
what is the midnight forecast for argentina,GetWeather
is the umbrellas of cherbourg playing near me,SearchScreeningEvent
use groove shark to play the today and tomorrow album,PlayMusic
find a novel called best hits live: save the children speed live 2003,SearchCreativeWork
i d rate the current essay 1 stars,RateBook
will it be warmer in ristigouche ecological reserve on nov the twentieth,GetWeather
show me the movie schedules for movies playing around here today,SearchScreeningEvent
will it be cold in chatmoss albania 8 years and a half from now,GetWeather
what do the movie schedules at b&b theatres look like,SearchScreeningEvent
play some mark tremonti from the thirties,PlayMusic
will it be warm in zambia at 9 pm,GetWeather
weather for close-by parc national de kolkheti,GetWeather
book a table at skycity in salado for me and hannah,BookRestaurant
find projections an album,SearchCreativeWork
check the weather forecast for chisholm kentucky,GetWeather
i feel that zero out of 6 points would be the rating of queen of the dawn,RateBook
how is the weather in mount olivet,GetWeather
book a reservation for nine at an outdoor restaurant,BookRestaurant
add an abrar ul haq track to my playlist soul lounge,AddToPlaylist
please play a song for me from 1959,PlayMusic
book a restaurant for 2 at a cafe that i can get a croissant at,BookRestaurant
play 1966 theme music on slacker,PlayMusic
i want a table for eight in yakima rhode island,BookRestaurant
find casting crowns discography,SearchCreativeWork
i d like to book a reservation for next spring for nine people at shore club,BookRestaurant
get me a johnny cool photograph,SearchCreativeWork
what time is the daring dobermans playing,SearchScreeningEvent
play jeff pilson on youtube,PlayMusic
what is the current selling price of the novel the sims 3: island paradise,SearchCreativeWork
can i get the movie schedule for 8 a m,SearchScreeningEvent
add ali lohan songs in club hits,AddToPlaylist
what is the mississippi for the week,GetWeather
play a twenties track by the aj carothers on zvooq,PlayMusic
rate steps two out of 6 points,RateBook
please search for all the lovers trailer,SearchCreativeWork
what films are playing at the closest cinema,SearchScreeningEvent
will it be rainy this monday in le center thailand,GetWeather
rate equal affections one points,RateBook
what time is a ball at the anjo house playing,SearchScreeningEvent
add this extended play to women s lit playlist,AddToPlaylist
find once upon a time in the west,SearchCreativeWork
find a reservation at sunset at a gastropub for 2 people,BookRestaurant
find time for all about hash,SearchScreeningEvent
show the movie schedules,SearchScreeningEvent
movie schedules at amc theaters,SearchScreeningEvent
will it be freezing here at 06:31:22 am,GetWeather
does wildorado have a hot temperature,GetWeather
add this is andrés calamaro by milk,AddToPlaylist
rate this essay four out of 6,RateBook
add décadas to my list neo da matrix,AddToPlaylist
add mc ren to my it s a southern thing playlist,AddToPlaylist
can i see the boat people,SearchCreativeWork
book a restaurant on martin luther king jr day with parking,BookRestaurant
book a reservation for seven people at a steakhouse in kenya,BookRestaurant
play tina cousins from 1956,PlayMusic
find the novel peace arch news,SearchCreativeWork
what is the weather for my current place,GetWeather
book a table for nine people next mar,BookRestaurant
this series gets 2 out of 6 stars,RateBook
include kunnon syy in my trap land playlist,AddToPlaylist
play music from 2012 on google music,PlayMusic
what is the forecast starting on september 1 2039 for chillier conditions in ak,GetWeather
give two points out of 6 to this essay,RateBook
can you play something off my kids workout playlist on groove shark,PlayMusic
i would rate this album a 3,RateBook
rate the current essay 2 out of 6,RateBook
rate the current album a 2,RateBook
i need to find a restaurant in pw,BookRestaurant
play dancing through life by ronald isley on spotify,PlayMusic
play some avantgarde music on netflix,PlayMusic
will it be sunny in spain on 3/26/2023,GetWeather
show me movie schedules,SearchScreeningEvent
what is the humidity like in leoti,GetWeather
rate the change 0 out of 6 points,RateBook
add rattus at the roundhouse to my funk playlist,AddToPlaylist
play a song off the best of siouxsie & the banshees by faustino oramas,PlayMusic
how much hotter will it be here tomorrow,GetWeather
book a table for 9 people for four pm in johnson,BookRestaurant
find the black girl in search of god trailer,SearchCreativeWork
where can i see the trailer of take me to the king,SearchCreativeWork
what time is rites of spring playing at marcus corporation,SearchScreeningEvent
what will the weather be in nationalpark rila on nov 25,GetWeather
i want to book a spot at a bar in henniker north dakota,BookRestaurant
book rosalie stewart and evelyn at a restaurant,BookRestaurant
add the name covenant to the playlist fusion fest,AddToPlaylist
add banking violence and the inner life today to my retro gaming playlist,AddToPlaylist
add to ila s playlist a mi manera recopilatorio the name my heart stood still,AddToPlaylist
book a table for 2 guests at a restaurant in lazy mountain ny,BookRestaurant
i want to give the pilgrims of rayne three out of 6 stars,RateBook
add song to this is philip glass,AddToPlaylist
out of 6 i give the following book zero,RateBook
rate this series five out of 6,RateBook
can you get me seating for 5 people 1 minute from now in tuvalu,BookRestaurant
add sonntag to my assassin s creed,AddToPlaylist
add already over pt 2 to hip hop 2017 new school,AddToPlaylist
will it be snowy in florewood state park,GetWeather
book a restaurant in fl in the city of lochearn for my step son and i,BookRestaurant
give 0 out of 6 stars to reality of certainty,RateBook
rate the current essay 5 of 6,RateBook
add nib to fay s brooklyn beat playlist,AddToPlaylist
find a reservation at berowra waters inn in australia in 2 years,BookRestaurant
will you play my nuestros 80 playlist,PlayMusic
rate the current novel one out of 6,RateBook
rate this textbook 2 of 6 stars,RateBook
rate this book a five,RateBook
i want to see everytime we touch which is a painting,SearchCreativeWork
book me a restaurant that serves hot chicken in dutch mills north dakota for 10 people for 3 am,BookRestaurant
will it still be warm nineteen hours from now in pa,GetWeather
rate my current essay zero out of 6,RateBook
book a highly rated restaurant with northeastern for 10 in satanta,BookRestaurant
the naked and the dead was pretty good i d give it four stars,RateBook
add desert sessions to my i love my 80 s rollerdisco playlist,AddToPlaylist
search for the un provinciale a new york tv show,SearchCreativeWork
find the deathsmiles ii soundtrack,SearchCreativeWork
i need a popular moroccan cafeteria,BookRestaurant
is the young guard playing at the closest cinema,SearchScreeningEvent
find cluster computing a game,SearchCreativeWork
find a photograph called between the days,SearchCreativeWork
i need a reservation at the one eighty for elsa and wendy in muscle shoals,BookRestaurant
please book me a table for three at an american gastropub,BookRestaurant
find a movie house with hollow reed,SearchScreeningEvent
give zero out of 6 points to marxism and the oppression of women,RateBook
what movie schedule are in the area for animated movies,SearchScreeningEvent
she me the movie times,SearchScreeningEvent
book a spot at a restaurant faraway from 138th st,BookRestaurant
i give the previous saga 4 out of 6,RateBook
rate how to eat fried worms two stars,RateBook
i need a cambodian brasserie restaurant that is top-rated,BookRestaurant
book a table for seven people at a restaurant which has internet,BookRestaurant
i want to add johnny burke to the country bound playlist,AddToPlaylist
rate the tritonian ring zero,RateBook
what is the movie schedule at loews cineplex entertainment,SearchScreeningEvent
find the photographic journal,SearchCreativeWork
is convoy busters playing,SearchScreeningEvent
what films and movie schedule are in the area,SearchScreeningEvent
can i see the tv show the closer i get,SearchCreativeWork
add i hate myself and i want to die to my six string peacefulness,AddToPlaylist
find me haunted castle,SearchCreativeWork
find the nearest movie theatre with movies,SearchScreeningEvent
book a restaurant for 4 of us,BookRestaurant
search for the painting smart money,SearchCreativeWork
what time will the age of success be showing,SearchScreeningEvent
add this track to my gold school playlist,AddToPlaylist
can you pull up the american music awards of 1975,SearchCreativeWork
which films are playing at malco theatres,SearchScreeningEvent
can i know what animated movies are scheduled in the neighbourhood,SearchScreeningEvent
where can i watch the tv show terrorists: the kids they sentenced,SearchCreativeWork
where can i find the tv show of the school teacher in the house,SearchCreativeWork
are there any animated movies playing in the neighborhood,SearchScreeningEvent
add the spirit of life to nação reggae,AddToPlaylist
add tarkan to my madrugando playlist,AddToPlaylist
add totally stress free by bobby lord to my playlist,AddToPlaylist
